                  epoch,         train/box_loss,         train/cls_loss,         train/dfl_loss,   metrics/precision(B),      metrics/recall(B),       metrics/mAP50(B),    metrics/mAP50-95(B),           val/box_loss,           val/cls_loss,           val/dfl_loss,                 lr/pg0,                 lr/pg1,                 lr/pg2
                      0,                0.51639,                0.55933,                0.84303,                 0.7924,                0.72024,                0.71233,                 0.5046,                0.62266,                0.39234,                0.86626,                0.07001,              0.0033323,              0.0033323
                      1,                 0.4479,                0.34976,                0.82322,                0.84937,                0.76749,                0.76671,                0.52816,                0.63577,                0.37361,                0.86719,                0.03869,              0.0053458,              0.0053458
                      2,                0.40764,                 0.3051,                0.81347,                0.83278,                 0.7905,                0.78644,                0.53299,                0.59708,                0.36197,                 0.8563,              0.0060501,              0.0060394,              0.0060394
                      3,                 0.3497,                0.25597,                0.80157,                0.80937,                0.79054,                0.76902,                0.53746,                0.57191,                0.31972,                0.84904,                0.00406,                0.00406,                0.00406
                      4,                 0.3324,                0.23657,                0.79667,                0.83914,                0.80338,                0.78699,                0.54573,                 0.5764,                0.31311,                0.86076,                0.00406,                0.00406,                0.00406
