                  epoch,         train/box_loss,         train/cls_loss,         train/dfl_loss,   metrics/precision(B),      metrics/recall(B),       metrics/mAP50(B),    metrics/mAP50-95(B),           val/box_loss,           val/cls_loss,           val/dfl_loss,                 lr/pg0,                 lr/pg1,                 lr/pg2
                      0,                0.40155,                0.28927,                 0.8332,                0.89394,                0.87576,                 0.8744,                0.58404,                0.55731,                0.26209,                0.89002,               0.070003,               0.003333,               0.003333
                      1,                0.33892,                 0.2158,                0.80626,                0.92213,                0.89257,                0.89392,                0.61375,                0.53073,                0.26826,                0.89005,               0.038683,              0.0053464,              0.0053464
                      2,                 0.3204,                0.20521,                0.80205,                0.92189,                  0.889,                 0.8891,                0.62283,                0.50335,                0.25901,                0.89708,              0.0060429,              0.0060398,              0.0060398
                      3,                0.28353,                0.18121,                0.79278,                0.92215,                0.88768,                0.89314,                0.61014,                0.49983,                0.23325,                0.88924,                0.00406,                0.00406,                0.00406
                      4,                0.27269,                0.17131,                0.78878,                0.92699,                0.87551,                0.87485,                0.60705,                 0.4792,                 0.2448,                0.89287,                0.00406,                0.00406,                0.00406
